{"cameraMode":{"drawMode":0,"name":"Shaded","section":"Shading Mode"},"sceneLighting":true,"audioPlay":false,"sceneViewState":{"showFog":true,"showMaterialUpdate":false,"showSkybox":true,"showFlares":true,"showImageEffects":true,"showParticleSystems":true},"in2DMode":false,"pivot":{"x":286.51397705078127,"y":279.9322814941406,"z":68.36671447753906},"rotation":{"x":-0.2015916109085083,"y":0.6662858128547669,"z":-0.19434522092342378,"w":-0.691125214099884},"size":498.1402893066406,"orthographic":false}